why have so many people died from covid in the us,51
why does the us have so many infections,51
for what reasons is the us handling the pandemic so poorly,51
how come the us is hit so bad by covid,51
is the world going to end because of covid,387
is covid the end of humanity,387
could covid kill all humans,387
where was covid found,18
if i have recovered from covid will i be immune to it,100
what is a pandemic,28
when would covid be considered a pandemic,28
is there a reason that covid is called a pandemic now,28
is there a difference between covid being an epidemic and a pandemic,28
why is covid a pandemic,28
is there a way to not get covid,97
how is covid prevented,97
can i kill covid without hand sanitizer,99
is it possible to disinfect surfaces with alternative disinfection methods,99
is there a way to kill covid without hand sanitizer,99
how do i disinfect if i dont have hand sanitizer,99
other than hand sanitizer how can i protect myself from covid,99
will alternative disinfection work against covid,99
are there ways other than hand sanitizer and soap to kill covid,99
are we still waiting for a vaccine for covid,43
has someone made a vaccine for covid yet,43
what is the current number of deaths due to covid,56
am i guaranteed to die if i have covid,56
is it safe to go shopping,81
is it okay to go buy groceries,81
will i get covid if i go to the store,81
what are the chances that covid will hit again,55
is it possible for covid to come again,55
can covid return after lockdown is lifted,55
how can covid patients be treated,94
is covid curable,94
is there a treatment for covid yet,94
has a treatment been released to treat covid,94
is there a way to get rid of covid after being infected,94
how did covid come to be,24
how did covid begin,24
how covid began,24
how did covid get started,24
what is the best way to deal with stress during lockdown,183
which face mask protects me from covid,296
what type of facemask should i use,296
is there a specific mask i should use to prevent covid,296
what makes covid particularly dangerous,386
how is covid dangerous,386
what makes covid more dangerous than sars,386
how does covid differ from the flu,405
how can we distinguish between covid and the flu,405
are there ways to tell if its covid or flu,405
what are the differences between influenza and covid,405
is covid survivable without ventilators,32
do you need help breathing if you have covid,32
what should i do to stop my kids from getting covid,91
are there any recommended ways to protect children from covid,91
what is the best way to make sure my child wont get infected,91
how should parents keep children safe,91
will i get covid by being near someone who recovered from covid,150
are recovered covid patients still contagious,150
can i be infected by someone who recovered from covid,150
do recovered covid patients infect people,150
do i need to get tested,192
how do i know if i need to be tested,192
are there requirements to be tested,192
can i test myself for covid just in case,192
can covid be treated with ibuprofen,381
will ibuprofen have adverse effects on covid patients,381
is it safe for covid patients to take ibuprofen,381
can i use ibuprofen if i have covid,381
which stocks are the most profitable during covid,451
will i be able to make money by buying stocks,451
was trump serious when suggesting to fight covid with disinfectant injections,519
when he suggested that injecting disinfectant could cure covid was trump joking,519
how long has covid existed,19
how does covid cause death,21
what are the ways that covid can kill people,21
how long ago was covid first found,36
what is the start date of covid,36
what is the scientifically accurate way to write covid,66
is covid supposed to be uppercase,66
am i wrong to capitalize covid,66
should i ingest disinfectant to cure covid,103
is it true that i can get rid of covid by drinking cleaners,103
can disinfectant sprays cure me if i have covid,103
is sars and covid the same thing,348
what is the relation between sars cov and covid,348
are sars cov and covid related,348
is there a predictable initial symptom of covid,383
how do covid symptom start,383
what are the beginning symptoms for covid,383
is trump to blame for the covid outbreak,474
can we blame trump for covid,474
is it possible to cure covid,60
how quickly will symptoms of covid appear,61
can homemade hand sanitizer replace real hand sanitizer,80
is diy hand sanitizer useful,80
is it possible to be infected by an asymptomatic person,87
how can i tell if i have the flu or covid,96
is there any way to tell between covid and flu,96
was plasma successful in treating covid patients,112
could plasma be a treatment for covid,112
what is the relationship between blood type and risk of covid infection,140
do certain blood types have less chance of getting covid,140
what are the procedures that i should take if i think i have covid,162
are there any steps that suspected covid patients should take,162
are there any permanent effects of covid,378
will covid result in permanent damage,378
was covid preceded by covid 18,424
are there covids before this one,424
could china be misleading us,428
in what ways have people been affected by covid,432
what strategies did china use to stop covid,437
how was china able to control covid so well,437
what will the effects of covid be on the election,454
will the presidential election be affected by covid,454
in what ways has the it industry been affected by covid,458
how has covid affected the it industry,458
is it possible for kids to get covid,486
what is the relationship between age and risk of covid,486
for what reason is the stock market affected by covid,501
what is the reasoning behind covid affecting the stock market,501
what would be the best way to hold china accountable for covid,505
is there any way to penalize china for covid,505
have our efforts against covid helped,514
have we made progress in the fight against covid,514
what is the predicted number of deaths due to covid,535
how many deaths will covid ultimately cause,535
how is there still not a vaccine or cure for covid,691
what is taking so long to develop a vaccine for covid,691
