is it possible for covid to come again,Speculation
can covid return after lockdown is lifted,Speculation
what are the chances that covid will hit again,Speculation
in what ways can covid infect medical staff,Transmission
is it possible to be infected by an asymptomatic person,Transmission
can contacts put me at risk for covid,Transmission
are contacts likely to spread covid,Transmission
is it better to wear glasses than contacts,Transmission
how are medical workers being infected,Transmission
will mosquitoes give me covid,Transmission
is it possible to get covid from someone who died of covid,Transmission
is it possible for water to transmit covid,Transmission
is it possible for kids to get covid,Transmission
is it dangerous to get donated blood,Transmission
will i get covid if i go to the store,Transmission
am i more likely to get covid from contacts,Transmission
can covid spread through water,Transmission
will i get covid by being near someone who recovered from covid,Transmission
is it okay to go buy groceries,Transmission
can covid be transmitted after death,Transmission
what is the relationship between age and risk of covid,Transmission
what is the relationship between blood type and risk of covid infection,Transmission
are recovered covid patients still contagious,Transmission
if i have recovered from covid will i be immune to it,Transmission
for what reasons are hospital workers being exposed to covid,Transmission
how are blood donors being screened,Transmission
can i get infected from donated blood,Transmission
can i get covid from water,Transmission
is it possible for animals in the wilderness to carry covid,Transmission
should i be concerned about a wild animal giving me covid,Transmission
how likely am i to get covid from mosquitoes,Transmission
is it possible to get covid from mosquitoes,Transmission
are dead covid patients still contagious,Transmission
do recovered covid patients infect people,Transmission
will i get covid from a wild animal,Transmission
do certain blood types have less chance of getting covid,Transmission
could covid potentially be transmitted through water,Transmission
is it risky to be near wild animals,Transmission
is it possible for donated blood to spread covid,Transmission
how is covid infecting medical worekrs,Transmission
is it safe to go shopping,Transmission
can i be infected by someone who recovered from covid,Transmission
is it risky to receive donated blood,Transmission
can a dead covid patient infect me,Transmission
,Transmission
is there a reason that covid is called a pandemic now,Nomenclature
what is a covid,Nomenclature
what does it mean that covid is novel,Nomenclature
what is a pandemic,Nomenclature
why is covid a pandemic,Nomenclature
is covid supposed to be uppercase,Nomenclature
is there a difference between covid being an epidemic and a pandemic,Nomenclature
what is the scientifically accurate way to write covid,Nomenclature
when would covid be considered a pandemic,Nomenclature
am i wrong to capitalize covid,Nomenclature
how is the novel covid different,Nomenclature
what is the most reliable covid model right now,Reporting
have our efforts against covid helped,Reporting
which covid model should be used,Reporting
what is the predicted number of deaths due to covid,Reporting
whats the best covid model,Reporting
am i guaranteed to die if i have covid,Reporting
what is the current number of deaths due to covid,Reporting
could china be misleading us,Reporting
have we made progress in the fight against covid,Reporting
how many deaths will covid ultimately cause,Reporting
which covid model can we trust,Reporting
when did we learn the sequence of covid,Societal Response
what strategies did china use to stop covid,Societal Response
why have so many people died from covid in the us,Societal Response
how long was the delay between noticing covid and getting its genome,Societal Response
why does the us have so many infections,Societal Response
how should medical centers respond to a covid patient,Societal Response
was trump serious when suggesting to fight covid with disinfectant injections,Societal Response
how long was needed to get covids full genome sequence,Societal Response
how come the us is hit so bad by covid,Societal Response
for what reasons is the us handling the pandemic so poorly,Societal Response
how are hospitals dealing with covid,Societal Response
do hospitals have special steps for covid patients,Societal Response
how was china able to control covid so well,Societal Response
are there any specific procedures for hospitals to follow,Societal Response
when he suggested that injecting disinfectant could cure covid was trump joking,Societal Response
what was the time needed to get the full sequence of covid,Societal Response
is trump to blame for the covid outbreak,Societal Effects
can we blame trump for covid,Societal Effects
what would be the best way to hold china accountable for covid,Societal Effects
is my child still able to learn while in lockdown,Societal Effects
is the world going to end because of covid,Societal Effects
what steps should i take to ensure my child keeps learning,Societal Effects
what will the effects of covid be on the election,Societal Effects
will the presidential election be affected by covid,Societal Effects
if school is cancelled how will my kid learn,Societal Effects
is covid the end of humanity,Societal Effects
in what ways have people been affected by covid,Societal Effects
is there any way to penalize china for covid,Societal Effects
could covid kill all humans,Societal Effects
how can i make sure my child continues to get their education,Societal Effects
how long ago was covid first found,Origin
what is the start date of covid,Origin
how covid began,Origin
how did covid begin,Origin
where was covid found,Origin
how did covid come to be,Origin
how did covid get started,Origin
are there ways other than hand sanitizer and soap to kill covid,Prevention
are there any recommended products for disinfecting covid,Prevention
is it possible to disinfect surfaces with alternative disinfection methods,Prevention
am i allowed to go out,Prevention
can i still go to work,Prevention
will alternative disinfection work against covid,Prevention
other than hand sanitizer how can i protect myself from covid,Prevention
how is covid prevented,Prevention
is there a way to not get covid,Prevention
which face mask protects me from covid,Prevention
what is taking so long to develop a vaccine for covid,Prevention
what type of facemask should i use,Prevention
what should i do to stop my kids from getting covid,Prevention
can i use radiation to kill covid,Prevention
are there any recommended ways to protect children from covid,Prevention
how can i best kill covid,Prevention
is there a way to kill covid without hand sanitizer,Prevention
is there a specific mask i should use to prevent covid,Prevention
is it still safe to work,Prevention
how do i disinfect if i dont have hand sanitizer,Prevention
how should parents keep children safe,Prevention
is it risky to continue going to work,Prevention
how do i know if i should stop going to work,Prevention
at what point should i stop going to work,Prevention
should i get out of the house,Prevention
can i kill covid without hand sanitizer,Prevention
is there anything i can use to kill covid,Prevention
will i get covid if i go outside,Prevention
what is the most effective way to kill covid,Prevention
how is there still not a vaccine or cure for covid,Prevention
is it risky to leave my house to exercise,Prevention
what is the best way to make sure my child wont get infected,Prevention
how can families get ready for lockdown,Prevention
is diy hand sanitizer useful,Prevention
has someone made a vaccine for covid yet,Prevention
can homemade hand sanitizer replace real hand sanitizer,Prevention
are we still waiting for a vaccine for covid,Prevention
how should people in the same house get ready for covid,Prevention
is there anything i can do to help my family prepare for covid,Prevention
what can i do to prepare my family for a covid outbreak,Prevention
is covid curable,Treatment
is covid weak to antibiotics,Treatment
could plasma be a treatment for covid,Treatment
is covid survivable without ventilators,Treatment
is it safe for covid patients to take ibuprofen,Treatment
do you need help breathing if you have covid,Treatment
can disinfectant sprays cure me if i have covid,Treatment
is there a way to get rid of covid after being infected,Treatment
can covid be treated with antibiotics,Treatment
has a treatment been released to treat covid,Treatment
can covid be treated with ibuprofen,Treatment
is it possible to cure covid,Treatment
is there a treatment for covid yet,Treatment
should i ingest disinfectant to cure covid,Treatment
can i use ibuprofen if i have covid,Treatment
how can covid patients be treated,Treatment
will ibuprofen have adverse effects on covid patients,Treatment
was plasma successful in treating covid patients,Treatment
can antibiotics kill covid,Treatment
is it true that i can get rid of covid by drinking cleaners,Treatment
will pets be tested for covid,Testing
do i need to get tested,Testing
can case severity be predicted based on anal swabs,Testing
is there a fee to be tested for covid,Testing
do i have to pay to get tested for covid,Testing
why are we testing for covid,Testing
how do i know if i need to be tested,Testing
can i test my pet for covid,Testing
have anal swab tests been linked with case severity,Testing
do covid tests help,Testing
does the presence of covid in anal swabs determine how severe it is,Testing
how much does a covid test cost,Testing
are covid tests being used on pets,Testing
can i test myself for covid just in case,Testing
is there a correlation between severity and anal swab tests,Testing
are there requirements to be tested,Testing
what is the point of testing people for covid,Testing
am i able to test my pet for covid,Testing
will i be charged for a covid test,Testing
how can i tell if i have the flu or covid,Comparison
what is the relation between sars cov and covid,Comparison
what are the differences between influenza and covid,Comparison
what makes covid particularly dangerous,Comparison
what makes covid more dangerous than sars,Comparison
are there ways to tell if its covid or flu,Comparison
are there covids before this one,Comparison
how is covid dangerous,Comparison
how can we distinguish between covid and the flu,Comparison
how long has covid existed,Comparison
is sars and covid the same thing,Comparison
are sars cov and covid related,Comparison
was covid preceded by covid 18,Comparison
how does covid differ from the flu,Comparison
is there any way to tell between covid and flu,Comparison
which stocks are the most profitable during covid,Economic Effects
what is the reasoning behind covid affecting the stock market,Economic Effects
for what reason is the stock market affected by covid,Economic Effects
will i be able to make money by buying stocks,Economic Effects
in what ways has the it industry been affected by covid,Economic Effects
how has covid affected the it industry,Economic Effects
can covid cause secondary illnesses,Symptoms
how quickly will symptoms of covid appear,Symptoms
if i have covid will i have a stroke,Symptoms
can you have a stroke because of covid,Symptoms
is it possible to get a stroke from covid,Symptoms
is there a predictable initial symptom of covid,Symptoms
what are the beginning symptoms for covid,Symptoms
are there other illnesses that result from covid,Symptoms
what other disease will covid result in,Symptoms
how do covid symptom start,Symptoms
which disease does covid cause,Symptoms
do covid patients get strokes,Symptoms
can you have two viruses at once,Having COVID
what are the ways that covid can kill people,Having COVID
do we know how long covid incubates,Having COVID
what is the maximum time that someone can have covid without symptoms,Having COVID
will covid result in permanent damage,Having COVID
how does covid cause death,Having COVID
how long does it take for infected people to show symptoms,Having COVID
what is covids incubation period,Having COVID
will having the flu prevent me from getting covid,Having COVID
am i at risk for covid if i have the flu,Having COVID
can you get covid if you already have the flu,Having COVID
are there any permanent effects of covid,Having COVID
how risky is it to go on vacation,Individual Response
how can i stay safe if someone i live with gets covid,Individual Response
are there any steps that suspected covid patients should take,Individual Response
can i still travel,Individual Response
will i get covid if i go on a trip,Individual Response
if a family member gets sick from covid what do i do,Individual Response
are there any steps i should take if i think someone i live with has covid,Individual Response
is it safe to go on vacation,Individual Response
what are the procedures that i should take if i think i have covid,Individual Response
what is the best way to deal with stress during lockdown,Individual Response
